{
    "dataset": {
        "raw_shape": "7214, 53",
        "baseline_shape": "7214, 19",
        "extended_shape": "6172, 19"
    },
    "models": [
        {
            "model_name": "RandomForest_Baseline",
            "mitigation_status": "unmitigated",
            "dataset": "baseline",
            "training_time": 5.956597328186035,
            "inference_time": 0.2340686321258545,
            "peak_memory_mb": 48.349453926086426,
            "accuracy": 0.8552564233800799,
            "precision": 0.7328629032258065,
            "recall": 0.6218990590248076,
            "f1_score": 0.6728366496992133,
            "roc_auc": 0.9026005316778636,
            "demographic_parity_difference": 0.13904995539696702,
            "equalized_odds_difference": 0.09927950837041744,
            "equal_opportunity_difference": 0.09927950837041744,
            "disparate_impact_ratio": 0.3873741095553918
        },
        {
            "model_name": "RandomForest_Extended",
            "mitigation_status": "unmitigated",
            "dataset": "extended",
            "training_time": 6.054721117019653,
            "inference_time": 0.2336728572845459,
            "peak_memory_mb": 48.34727954864502,
            "accuracy": 0.8552564233800799,
            "precision": 0.7328629032258065,
            "recall": 0.6218990590248076,
            "f1_score": 0.6728366496992133,
            "roc_auc": 0.9026005316778636,
            "demographic_parity_difference": 0.13904995539696702,
            "equalized_odds_difference": 0.09927950837041744,
            "equal_opportunity_difference": 0.09927950837041744,
            "disparate_impact_ratio": 0.3873741095553918
        },
        {
            "model_name": "logistic_regression_Tuned",
            "mitigation_status": "unmitigated",
            "dataset": "extended",
            "training_time": 0.5,
            "inference_time": 0.011632680892944336,
            "peak_memory_mb": 15.0,
            "accuracy": 0.8448152318558706,
            "precision": 0.7288418708240535,
            "recall": 0.5598802395209581,
            "f1_score": 0.633284954039671,
            "roc_auc": 0.8867616862704604,
            "demographic_parity_difference": 0.24866190900981266,
            "equalized_odds_difference": 0.2807798262343717,
            "equal_opportunity_difference": 0.2807798262343717,
            "disparate_impact_ratio": 0.25888999667663676
        },
        {
            "model_name": "decision_tree_Tuned",
            "mitigation_status": "unmitigated",
            "dataset": "extended",
            "training_time": 0.5,
            "inference_time": 0.010137319564819336,
            "peak_memory_mb": 15.0,
            "accuracy": 0.8615006653700481,
            "precision": 0.7954409118176364,
            "recall": 0.5671514114627887,
            "f1_score": 0.6621722846441948,
            "roc_auc": 0.9042244250181222,
            "demographic_parity_difference": 0.17940283400809715,
            "equalized_odds_difference": 0.20385674931129472,
            "equal_opportunity_difference": 0.20385674931129472,
            "disparate_impact_ratio": 0.27282051282051284
        },
        {
            "model_name": "random_forest_Tuned",
            "mitigation_status": "unmitigated",
            "dataset": "extended",
            "training_time": 0.5,
            "inference_time": 0.17079687118530273,
            "peak_memory_mb": 15.0,
            "accuracy": 0.8674378134916573,
            "precision": 0.7754886423666139,
            "recall": 0.6278870829769033,
            "f1_score": 0.6939257858662254,
            "roc_auc": 0.9180197480349297,
            "demographic_parity_difference": 0.16302408563782336,
            "equalized_odds_difference": 0.22494172494172499,
            "equal_opportunity_difference": 0.22494172494172499,
            "disparate_impact_ratio": 0.3392090395480226
        },
        {
            "model_name": "xgboost_Tuned",
            "mitigation_status": "unmitigated",
            "dataset": "extended",
            "training_time": 0.5,
            "inference_time": 0.014772891998291016,
            "peak_memory_mb": 15.0,
            "accuracy": 0.8779813696386529,
            "precision": 0.7944501541623844,
            "recall": 0.6612489307100086,
            "f1_score": 0.7217553688141923,
            "roc_auc": 0.9316766720322547,
            "demographic_parity_difference": 0.1500506072874494,
            "equalized_odds_difference": 0.21511004333090228,
            "equal_opportunity_difference": 0.21511004333090228,
            "disparate_impact_ratio": 0.33890746934225197
        },
        {
            "model_name": "lightgbm_Tuned",
            "mitigation_status": "unmitigated",
            "dataset": "extended",
            "training_time": 0.5,
            "inference_time": 0.01519775390625,
            "peak_memory_mb": 15.0,
            "accuracy": 0.8766506295424301,
            "precision": 0.7900665642601127,
            "recall": 0.6599657827202737,
            "f1_score": 0.7191796783966441,
            "roc_auc": 0.9308989437930184,
            "demographic_parity_difference": 0.17282388663967613,
            "equalized_odds_difference": 0.2136942811789438,
            "equal_opportunity_difference": 0.2136942811789438,
            "disparate_impact_ratio": 0.28029504741833505
        },
        {
            "model_name": "catboost_Tuned",
            "mitigation_status": "unmitigated",
            "dataset": "extended",
            "training_time": 0.5,
            "inference_time": 0.01207590103149414,
            "peak_memory_mb": 15.0,
            "accuracy": 0.8774695465247211,
            "precision": 0.7951370926021728,
            "recall": 0.6573994867408041,
            "f1_score": 0.71973776633107,
            "roc_auc": 0.9309263703402355,
            "demographic_parity_difference": 0.1632085020242915,
            "equalized_odds_difference": 0.2121212121212121,
            "equal_opportunity_difference": 0.2121212121212121,
            "disparate_impact_ratio": 0.32033719704952585
        },
        {
            "model_name": "random_forest_Mitigated",
            "mitigation_status": "mitigated",
            "dataset": "extended",
            "training_time": 1.0,
            "inference_time": 0.05,
            "peak_memory_mb": 12.0,
            "accuracy": 0.8599651960282526,
            "precision": 0.7292060491493384,
            "recall": 0.6599657827202737,
            "f1_score": 0.692860350246969,
            "demographic_parity_difference": 0.060939702645083776,
            "equalized_odds_difference": 0.17613953252547787,
            "equal_opportunity_difference": 0.17613953252547787,
            "disparate_impact_ratio": 0.7786926588152221
        },
        {
            "model_name": "xgboost_Mitigated",
            "mitigation_status": "mitigated",
            "dataset": "extended",
            "training_time": 1.0,
            "inference_time": 0.05,
            "peak_memory_mb": 12.0,
            "accuracy": 0.8721465861398301,
            "precision": 0.7756962025316456,
            "recall": 0.6552609067579127,
            "f1_score": 0.7104103872014839,
            "demographic_parity_difference": 0.045250793386248905,
            "equalized_odds_difference": 0.24867556685738512,
            "equal_opportunity_difference": 0.24867556685738512,
            "disparate_impact_ratio": 0.8163350150793427
        },
        {
            "model_name": "logistic_regression_Mitigated",
            "mitigation_status": "mitigated",
            "dataset": "extended",
            "training_time": 1.0,
            "inference_time": 0.05,
            "peak_memory_mb": 12.0,
            "accuracy": 0.8421537516634251,
            "precision": 0.7462871287128713,
            "recall": 0.5158254918733961,
            "f1_score": 0.6100151745068285,
            "demographic_parity_difference": 0.034804102186195035,