{
    "dataset": {
        "raw_shape": "7214, 53",
        "baseline_shape": "7214, 19",
        "extended_shape": "6172, 19"
    },
    "models": [
        {
            "model_name": "RandomForest_Baseline",
            "mitigation_status": "unmitigated",
            "dataset": "baseline",
            "training_time": 1.3344168663024902,
            "inference_time": 0.0348663330078125,
            "peak_memory_mb": 1.2021293640136719,
            "accuracy": 0.6354816354816355,
            "precision": 0.6043771043771043,
            "recall": 0.5523076923076923,
            "f1_score": 0.5771704180064309,
            "roc_auc": 0.6693811232903288,
            "demographic_parity_difference": 0.2017505055611729,
            "equalized_odds_difference": 0.6111111111111112,
            "equal_opportunity_difference": 0.6111111111111112,
            "disparate_impact_ratio": 0.599761800288347
        },
        {
            "model_name": "RandomForest_Extended",
            "mitigation_status": "unmitigated",
            "dataset": "extended",
            "training_time": 1.1144177913665771,
            "inference_time": 0.03213906288146973,
            "peak_memory_mb": 1.0280418395996094,
            "accuracy": 0.6388663967611335,
            "precision": 0.6137254901960785,
            "recall": 0.5569395017793595,
            "f1_score": 0.5839552238805971,
            "roc_auc": 0.685714361254911,
            "demographic_parity_difference": 0.5304212168486739,
            "equalized_odds_difference": 0.685459940652819,
            "equal_opportunity_difference": 0.685459940652819,
            "disparate_impact_ratio": 0.0
        },
        {
            "model_name": "logistic_regression_Tuned",
            "mitigation_status": "unmitigated",
            "dataset": "extended",
            "training_time": 0.5,
            "inference_time": 0.0029680728912353516,
            "peak_memory_mb": 15.0,
            "accuracy": 0.6923076923076923,
            "precision": 0.6961206896551724,
            "recall": 0.5747330960854092,
            "f1_score": 0.6296296296296297,
            "roc_auc": 0.7339831212026673,
            "demographic_parity_difference": 0.5179407176287052,
            "equalized_odds_difference": 0.712166172106825,
            "equal_opportunity_difference": 0.712166172106825,
            "disparate_impact_ratio": 0.0
        },
        {
            "model_name": "decision_tree_Tuned",
            "mitigation_status": "unmitigated",
            "dataset": "extended",
            "training_time": 0.5,
            "inference_time": 0.00620722770690918,
            "peak_memory_mb": 15.0,
            "accuracy": 0.6753036437246963,
            "precision": 0.6885245901639344,
            "recall": 0.5231316725978647,
            "f1_score": 0.5945399393326593,
            "roc_auc": 0.7159185249031003,
            "demographic_parity_difference": 0.45553822152886114,
            "equalized_odds_difference": 0.629080118694362,
            "equal_opportunity_difference": 0.629080118694362,
            "disparate_impact_ratio": 0.0
        },
        {
            "model_name": "random_forest_Tuned",
            "mitigation_status": "unmitigated",
            "dataset": "extended",
            "training_time": 0.5,
            "inference_time": 0.012025594711303711,
            "peak_memory_mb": 15.0,
            "accuracy": 0.6995951417004048,
            "precision": 0.7036247334754797,
            "recall": 0.5871886120996441,
            "f1_score": 0.6401551891367604,
            "roc_auc": 0.7360427363533972,
            "demographic_parity_difference": 0.5460218408736349,
            "equalized_odds_difference": 0.744807121661721,
            "equal_opportunity_difference": 0.744807121661721,
            "disparate_impact_ratio": 0.0
        },
        {
            "model_name": "xgboost_Tuned",
            "mitigation_status": "unmitigated",
            "dataset": "extended",
            "training_time": 0.5,
            "inference_time": 0.004620790481567383,
            "peak_memory_mb": 15.0,
            "accuracy": 0.7060728744939271,
            "precision": 0.7026476578411406,
            "recall": 0.6138790035587188,
            "f1_score": 0.6552706552706553,
            "roc_auc": 0.7390885343683407,
            "demographic_parity_difference": 1.0,
            "equalized_odds_difference": 1.0,
            "equal_opportunity_difference": 0.744807121661721,
            "disparate_impact_ratio": 0.0
        },
        {
            "model_name": "lightgbm_Tuned",
            "mitigation_status": "unmitigated",
            "dataset": "extended",
            "training_time": 0.5,
            "inference_time": 0.0030477046966552734,
            "peak_memory_mb": 15.0,
            "accuracy": 0.7101214574898785,
            "precision": 0.7056451612903226,
            "recall": 0.6227758007117438,
            "f1_score": 0.6616257088846881,
            "roc_auc": 0.7386853362804249,
            "demographic_parity_difference": 0.8571428571428572,
            "equalized_odds_difference": 1.0,
            "equal_opportunity_difference": 1.0,
            "disparate_impact_ratio": 0.14285714285714285
        },
        {
            "model_name": "catboost_Tuned",
            "mitigation_status": "unmitigated",
            "dataset": "extended",
            "training_time": 0.5,
            "inference_time": 0.0019221305847167969,
            "peak_memory_mb": 15.0,
            "accuracy": 0.7004048582995951,
            "precision": 0.700836820083682,
            "recall": 0.5960854092526691,
            "f1_score": 0.6442307692307693,
            "roc_auc": 0.7420946735549645,
            "demographic_parity_difference": 0.5413416536661466,
            "equalized_odds_difference": 1.0,
            "equal_opportunity_difference": 1.0,
            "disparate_impact_ratio": 0.0
        },
        {
            "model_name": "random_forest_Mitigated",
            "mitigation_status": "mitigated",
            "dataset": "extended",
            "training_time": 1.0,
            "inference_time": 0.05,
            "peak_memory_mb": 12.0,
            "accuracy": 0.6720647773279352,
            "precision": 0.6764044943820224,
            "recall": 0.5355871886120996,
            "f1_score": 0.5978152929493545,
            "demographic_parity_difference": 0.425531914893617,
            "equalized_odds_difference": 1.0,
            "equal_opportunity_difference": 1.0,
            "disparate_impact_ratio": 0.0
        },
        {
            "model_name": "xgboost_Mitigated",
            "mitigation_status": "mitigated",
            "dataset": "extended",
            "training_time": 1.0,
            "inference_time": 0.05,
            "peak_memory_mb": 12.0,
            "accuracy": 0.6728744939271255,
            "precision": 0.6639004149377593,
            "recall": 0.5693950177935944,
            "f1_score": 0.6130268199233716,
            "demographic_parity_difference": 0.46808510638297873,
            "equalized_odds_difference": 1.0,
            "equal_opportunity_difference": 1.0,
            "disparate_impact_ratio": 0.0
        },
        {
            "model_name": "logistic_regression_Mitigated",
            "mitigation_status": "mitigated",
            "dataset": "extended",
            "training_time": 1.0,
            "inference_time": 0.05,
            "peak_memory_mb": 12.0,
            "accuracy": 0.6793522267206478,
            "precision": 0.6590038314176245,
            "recall": 0.6120996441281139,
            "f1_score": 0.6346863468634686,
            "demographic_parity_difference": 0.4414976599063963,
            "equalized_odds_difference": 1.0,
            "equal_opportunity_difference": 1.0,
            "disparate_impact_ratio": 0.0
        }
    ],
    "fairness_comparison": [
        {
            "model_status": "RandomForest Baseline",